identifiant_credit,identifiant_demande,identifiant_institution,date_decaissement,montant_decaisse,duree_mois,type_amortissement,differe_mois,echeance_theorique,date_premiere_echeance,date_derniere_echeance_prevue
CRD-000098,DEM-000134,INS-005,2023-10-21,250000,6,mensuel_constant,0,41666,2023-11-21,2024-04-21
CRD-000099,DEM-000135,INS-005,2025-07-12,600000,9,mensuel_constant,0,66666,2025-08-12,2026-04-12
CRD-000100,DEM-000137,INS-005,2021-10-22,195000,6,mensuel_constant,0,32500,2021-11-22,2022-04-22
CRD-000101,DEM-000138,INS-005,2022-07-25,185000,6,mensuel_constant,0,30833,2022-08-25,2023-01-25
CRD-000102,DEM-000139,INS-005,2021-06-04,115000,12,differe_puis_mensuel,5,9583,2021-12-04,2022-11-04
CRD-000103,DEM-000141,INS-005,2025-08-11,150000,3,mensuel_constant,0,50000,2025-09-11,2025-11-11
CRD-000104,DEM-000142,INS-005,2022-11-07,1500000,21,mensuel_constant,0,71428,2022-12-07,2024-08-07
CRD-000105,DEM-000143,INS-005,2022-08-03,115000,6,mensuel_constant,0,19166,2022-09-03,2023-02-03
CRD-000106,DEM-000144,INS-005,2023-08-17,250000,6,mensuel_constant,0,41666,2023-09-17,2024-02-17
CRD-000107,DEM-000145,INS-005,2022-07-24,100000,12,mensuel_constant,0,8333,2022-08-24,2023-07-24
CRD-000108,DEM-000146,INS-005,2023-05-13,155000,9,mensuel_constant,0,17222,2023-06-13,2024-02-13
CRD-000109,DEM-000147,INS-005,2024-05-21,480000,6,mensuel_constant,0,80000,2024-06-21,2024-11-21
CRD-000110,DEM-000148,INS-005,2025-12-13,190000,12,mensuel_constant,0,15833,2026-01-13,2026-12-13
CRD-000111,DEM-000149,INS-005,2023-07-07,55000,6,mensuel_constant,0,9166,2023-08-07,2024-01-07
CRD-000112,DEM-000150,INS-005,2024-04-23,165000,6,mensuel_constant,0,27500,2024-05-23,2024-10-23
CRD-000113,DEM-000151,INS-005,2024-07-31,250000,6,mensuel_constant,0,41666,2024-08-31,2025-01-31
CRD-000114,DEM-000152,INS-005,2025-10-04,185000,9,mensuel_constant,0,20555,2025-11-04,2026-07-04
CRD-000115,DEM-000154,INS-005,2024-01-23,170000,3,mensuel_constant,0,56666,2024-02-23,2024-04-23
CRD-000116,DEM-000155,INS-005,2024-06-01,190000,9,mensuel_constant,0,21111,2024-07-01,2025-03-01
CRD-000117,DEM-000156,INS-005,2023-08-29,250000,6,mensuel_constant,0,41666,2023-09-29,2024-02-29
CRD-000118,DEM-000157,INS-005,2024-09-06,180000,6,mensuel_constant,0,30000,2024-10-06,2025-03-06
CRD-000119,DEM-000158,INS-005,2024-04-07,250000,9,mensuel_constant,0,27777,2024-05-07,2025-01-07
CRD-000120,DEM-000159,INS-005,2025-10-31,540000,12,mensuel_constant,0,45000,2025-11-30,2026-10-31
CRD-000121,DEM-000160,INS-005,2025-10-09,410000,12,mensuel_constant,0,34166,2025-11-09,2026-10-09
CRD-000122,DEM-000161,INS-005,2025-11-09,250000,9,mensuel_constant,0,27777,2025-12-09,2026-08-09
CRD-000123,DEM-000162,INS-005,2024-09-12,250000,9,mensuel_constant,0,27777,2024-10-12,2025-06-12
CRD-000124,DEM-000163,INS-005,2025-08-20,250000,9,mensuel_constant,0,27777,2025-09-20,2026-05-20
CRD-000125,DEM-000164,INS-005,2025-10-10,250000,6,mensuel_constant,0,41666,2025-11-10,2026-04-10
CRD-000126,DEM-000167,INS-005,2025-07-13,250000,6,mensuel_constant,0,41666,2025-08-13,2026-01-13
CRD-000127,DEM-000168,INS-005,2025-09-17,250000,6,mensuel_constant,0,41666,2025-10-17,2026-03-17
CRD-000128,DEM-000169,INS-005,2025-10-05,50000,9,mensuel_constant,0,5555,2025-11-05,2026-07-05
